"Day","Section","Gear","Mean","Median","l95","u95","Date","DayType"
1,"Skagit","Bank",48.9677462250588,44.8074048393839,13.5883371504418,112.89707794069,"2019-02-01",0
1,"Sauk","Bank",25.8693804247691,23.636077292124,12.2676250017542,53.6777837578367,"2019-02-01",0
1,"Skagit","Boat",58.2029400380145,53.320311578419,36.8819334592884,103.706568778176,"2019-02-01",0
1,"Sauk","Boat",15.6455996197589,14.5274353509791,3.68637055771051,34.8880110439665,"2019-02-01",0
2,"Skagit","Bank",107.611118804438,103.264274068241,40.5669982503862,193.342198492919,"2019-02-02",1
2,"Sauk","Bank",97.3321032652353,92.9478443319287,59.4786747489001,167.369467417035,"2019-02-02",1
2,"Skagit","Boat",189.852904773789,184.802216190942,117.191098432994,282.311346514032,"2019-02-02",1
2,"Sauk","Boat",78.2961845221585,73.6049752465485,41.4091532968771,141.69636433354,"2019-02-02",1
3,"Skagit","Bank",62.284764276887,56.7356004081245,33.4236603036478,115.809098129444,"2019-02-03",1
3,"Sauk","Bank",74.9801054182102,71.8000986230562,39.4809041756882,127.227764306441,"2019-02-03",1
3,"Skagit","Boat",131.414494619099,124.687835176107,94.6850195642244,212.952930639026,"2019-02-03",1
3,"Sauk","Boat",81.9186579880817,78.1008035817689,50.127034835816,128.216286108051,"2019-02-03",1
4,"Skagit","Bank",22.4580662652065,19.7328539660081,8.17869864904335,53.7819651465673,"2019-02-04",0
4,"Sauk","Bank",30.8515362965636,27.9508314556262,11.6611970358935,73.8701098500477,"2019-02-04",0
4,"Skagit","Boat",48.2040821585955,44.2790460927184,21.8505384758199,96.8969657207555,"2019-02-04",0
4,"Sauk","Boat",39.7707592093399,35.8614332250203,16.6364013776575,80.9243045148856,"2019-02-04",0
5,"Skagit","Bank",15.5578114060197,14.1505196304549,5.48916153665635,32.9152331033973,"2019-02-05",0
5,"Sauk","Bank",23.4323457361545,21.4339516601912,11.7824844875421,48.6852023027733,"2019-02-05",0
5,"Skagit","Boat",32.1424898766867,30.269685227954,21.0693161750291,56.056147768658,"2019-02-05",0
5,"Sauk","Boat",35.6659279862646,34.0979743497408,16.890041376521,61.8473350478753,"2019-02-05",0
6,"Skagit","Bank",9.45297795688187,8.78625621421589,3.86042218622099,18.8922438953374,"2019-02-06",0
6,"Sauk","Bank",16.4020700300441,15.1686339101966,8.68962840041214,31.7290665092881,"2019-02-06",0
6,"Skagit","Boat",18.97144060526,18.36405353885,9.83246262509642,31.591728851045,"2019-02-06",0
6,"Sauk","Boat",29.2550808061451,27.3921825305527,18.4636813623972,50.5678301100281,"2019-02-06",0
7,"Skagit","Bank",8.54308257638451,7.92922189131987,4.29856774415101,15.5910874185302,"2019-02-07",0
7,"Sauk","Bank",15.5408278775159,14.1807853753551,8.87483693998219,29.5309867220887,"2019-02-07",0
7,"Skagit","Boat",16.3173977494879,15.9456619948963,8.77688135216388,27.1938886948349,"2019-02-07",0
7,"Sauk","Boat",27.28164297414,25.6610077568742,15.3311557217838,44.5986743014468,"2019-02-07",0
8,"Skagit","Bank",8.76667476661118,8.02719421455433,3.4216929026277,19.2460659740335,"2019-02-08",0
8,"Sauk","Bank",13.9530096342517,12.8531101963932,6.39139203632602,27.1963621231391,"2019-02-08",0
8,"Skagit","Boat",15.285831111263,14.5304675362851,6.81621997677179,26.8862866217352,"2019-02-08",0
8,"Sauk","Boat",23.4264809014371,22.1056095641381,12.0045280219741,45.4530761148027,"2019-02-08",0
9,"Skagit","Bank",21.6515618033906,19.3256775782182,8.02666865471447,51.0751913553159,"2019-02-09",1
9,"Sauk","Bank",31.8351422861377,29.9500192211493,15.0107110816813,60.7076417340568,"2019-02-09",1
9,"Skagit","Boat",35.7263386504739,34.1613560088882,18.0696423884597,65.7610495246846,"2019-02-09",1
9,"Sauk","Boat",48.361937530181,46.6074516129018,22.5903219954838,88.6861151850776,"2019-02-09",1
10,"Skagit","Bank",30.9695159177777,28.907259217611,11.2079626921457,63.0988459849719,"2019-02-10",1
10,"Sauk","Bank",52.9763174008207,49.6936734910281,34.338248498058,91.0059841126728,"2019-02-10",1
10,"Skagit","Boat",57.529451038405,55.4257088918487,31.6552849664983,95.9067887832634,"2019-02-10",1
10,"Sauk","Boat",74.3711092838717,71.3229408390197,40.2752860244895,129.704044012308,"2019-02-10",1
11,"Skagit","Bank",18.5793299521056,16.5666415539733,5.35662375684312,42.644507187333,"2019-02-11",0
11,"Sauk","Bank",28.2251050765057,25.0346653457108,10.9022730815062,66.0532369011129,"2019-02-11",0
11,"Skagit","Boat",32.6839345549771,28.8883721927733,9.9543213445357,74.1710331144962,"2019-02-11",0
11,"Sauk","Boat",36.6933166690733,33.3750181148276,12.5934805828101,84.9357750740442,"2019-02-11",0
12,"Skagit","Bank",20.9288096815744,17.3394971574074,5.66912649904541,56.908452837111,"2019-02-12",0
12,"Sauk","Bank",29.2389270608553,24.4123184147004,10.3872839882316,76.8464549664578,"2019-02-12",0
12,"Skagit","Boat",34.8316437241121,29.3356386819611,10.6634711202875,92.9835466506222,"2019-02-12",0
12,"Sauk","Boat",36.4597316788804,30.8950544898528,11.178589690748,90.7807630699202,"2019-02-12",0
13,"Skagit","Bank",21.4638362532278,18.6099185773318,6.44968936612378,55.6198288464081,"2019-02-13",0
13,"Sauk","Bank",26.2307737230708,22.8634483893334,9.03068849989238,60.3958578121187,"2019-02-13",0
13,"Skagit","Boat",31.7473031980676,27.3582550409378,10.9357115888913,73.5486997653599,"2019-02-13",0
13,"Sauk","Boat",30.6633639517545,27.3506843588524,9.99444098259349,72.5081529969229,"2019-02-13",0
14,"Skagit","Bank",19.8254164867789,18.8119635647755,9.65736118683014,35.3249532260923,"2019-02-14",0
14,"Sauk","Bank",19.642919501671,18.8679621316968,10.3573179214449,36.409741287854,"2019-02-14",0
14,"Skagit","Boat",23.9984851003034,23.1063975952919,15.4286173042301,40.2720473237408,"2019-02-14",0
14,"Sauk","Boat",21.383800222463,20.5888936304944,10.83299885344,38.6602293451099,"2019-02-14",0
15,"Skagit","Bank",37.9963485734057,35.4570459060842,29.1150037262295,59.1221617652348,"2019-02-15",0
15,"Sauk","Bank",47.8477842790118,46.4712245420869,25.2627234084779,79.4299205527319,"2019-02-15",0
15,"Skagit","Boat",52.2082494332961,50.1708244446279,30.2530628330029,85.2272467532272,"2019-02-15",0
15,"Sauk","Boat",50.3452673478222,49.7089240265911,28.9419760147049,80.5480855563473,"2019-02-15",0
16,"Skagit","Bank",99.3388685353183,94.6289504160482,80.8634774049845,142.661417522759,"2019-02-16",1
16,"Sauk","Bank",131.127183857106,128.45673721688,71.3440244875595,211.473593271174,"2019-02-16",1
16,"Skagit","Boat",140.728856656678,137.032342849306,82.9637284613014,209.731841026549,"2019-02-16",1
16,"Sauk","Boat",127.126025860341,120.671129423136,68.2778826333196,217.955995790426,"2019-02-16",1
17,"Skagit","Bank",87.458267468529,83.5908228624863,49.3740390680368,146.2284729706,"2019-02-17",1
17,"Sauk","Bank",130.389820598274,129.248359608733,70.306133043954,211.686096491373,"2019-02-17",1
17,"Skagit","Boat",148.531444040043,142.947674019978,93.5251168765108,233.786264797195,"2019-02-17",1
17,"Sauk","Boat",135.7957582918,132.007009581004,81.4508086697421,210.502030779547,"2019-02-17",1
18,"Skagit","Bank",42.6521707690369,37.3354766288466,14.1226732606003,96.6452905292888,"2019-02-18",0
18,"Sauk","Bank",59.4690627338737,52.7374818272147,19.9017466582067,125.425156224116,"2019-02-18",0
18,"Skagit","Boat",76.3237846450118,66.2921078641741,27.5410389903934,167.250379496188,"2019-02-18",0
18,"Sauk","Boat",60.3332443361992,55.7100549387924,23.1002922505526,135.342136058992,"2019-02-18",0
19,"Skagit","Bank",39.5456730951851,37.1003775395752,15.8610094873704,80.5671505560536,"2019-02-19",0
19,"Sauk","Bank",48.6391048706521,43.8210100049737,17.7613236937807,103.969216488987,"2019-02-19",0
19,"Skagit","Boat",67.817290457917,61.0911326234057,26.009938987927,145.181855253933,"2019-02-19",0
19,"Sauk","Boat",47.5318396852303,42.5592065948073,18.5953552400605,102.13362207541,"2019-02-19",0
20,"Skagit","Bank",37.5113783879026,35.249654829985,30.07291143006,56.8866699411188,"2019-02-20",0
20,"Sauk","Bank",38.3092067943081,37.0439607063925,21.064141486939,64.2550644231479,"2019-02-20",0
20,"Skagit","Boat",59.5446748831221,57.6467164846226,36.0814893145898,95.0501543091055,"2019-02-20",0
20,"Sauk","Boat",35.49261438879,33.6752475891919,18.7884825894111,61.4483758355511,"2019-02-20",0
21,"Skagit","Bank",45.3161539041408,42.9679158178524,22.6287680528233,79.232638648009,"2019-02-21",0
21,"Sauk","Bank",56.0502114957861,55.4979553595707,26.4589131740982,91.5078145940891,"2019-02-21",0
21,"Skagit","Boat",103.427127211923,99.6183687581401,85.6361156786626,138.524293468309,"2019-02-21",0
21,"Sauk","Boat",56.5647071065273,53.895523775285,32.099969165747,90.7203874915105,"2019-02-21",0
22,"Skagit","Bank",40.4116958352491,35.4970602226168,16.7458271785209,91.749312027547,"2019-02-22",0
22,"Sauk","Bank",58.8871234745057,52.5710482142075,25.1554295908605,121.990313354383,"2019-02-22",0
22,"Skagit","Boat",110.447728381609,102.738604097131,54.1699328744926,208.626089179854,"2019-02-22",0
22,"Sauk","Boat",69.1662959898952,61.7594416896182,27.8084832751655,147.626354933108,"2019-02-22",0
23,"Skagit","Bank",73.1625556832198,69.2729317709855,36.9639889429765,131.892571153197,"2019-02-23",1
23,"Sauk","Bank",121.505493692078,116.872162009626,71.5156517788527,206.045354158525,"2019-02-23",1
23,"Skagit","Boat",238.257456546283,231.065900197551,150.31282797765,361.791751654072,"2019-02-23",1
23,"Sauk","Boat",160.460152379775,153.350703671618,83.8990930822161,263.540712480152,"2019-02-23",1
24,"Skagit","Bank",77.2797814200592,74.8029018643553,30.2932919169366,140.565807885573,"2019-02-24",1
24,"Sauk","Bank",147.336503572584,141.818803327377,81.5527286431349,234.98311962782,"2019-02-24",1
24,"Skagit","Boat",286.840791558943,278.354248112778,190.355979011629,414.5147502739,"2019-02-24",1
24,"Sauk","Boat",208.510008606203,202.791561967145,126.572462313139,328.606032623764,"2019-02-24",1
25,"Skagit","Bank",28.1526481591282,26.3500374833898,15.3558207062978,51.3971691445799,"2019-02-25",0
25,"Sauk","Bank",35.9091893454918,33.908083534796,20.0857299503046,61.8511101676477,"2019-02-25",0
25,"Skagit","Boat",74.367807540063,71.4640515336709,48.4792307650613,120.345787268666,"2019-02-25",0
25,"Sauk","Boat",43.8791221581934,41.8127329075067,32.2040849457294,69.8975246236755,"2019-02-25",0
26,"Skagit","Bank",35.9564981185414,34.1618196966497,16.1252714013688,60.5763703478131,"2019-02-26",0
26,"Sauk","Bank",50.9257462008258,49.4188637118774,26.7640441569709,79.4571811542878,"2019-02-26",0
26,"Skagit","Boat",110.825956871542,107.904226325729,93.2069140264226,146.099534631768,"2019-02-26",0
26,"Sauk","Boat",64.093774433748,61.4185106960472,54.053911353674,87.2398599508048,"2019-02-26",0
27,"Skagit","Bank",27.2590421018293,25.6628286730117,13.8935980750264,51.6755032602983,"2019-02-27",0
27,"Sauk","Bank",33.2570297155053,32.0901425990338,16.7232742832136,54.5105859444402,"2019-02-27",0
27,"Skagit","Boat",62.6072141854294,60.4873132415888,37.9621316429823,98.5594225361465,"2019-02-27",0
27,"Sauk","Boat",37.211685172829,35.3201860076445,22.7847951327257,61.8144172910059,"2019-02-27",0
28,"Skagit","Bank",37.7161076096371,32.6808115702136,13.0386092553005,78.5169044314369,"2019-02-28",0
28,"Sauk","Bank",49.3841676242014,44.2690014102186,18.5687519291657,100.219161429304,"2019-02-28",0
28,"Skagit","Boat",95.8352364495012,85.6897401130513,38.3712516164035,209.379570598415,"2019-02-28",0
28,"Sauk","Boat",52.4893413101291,47.467100095919,20.9056479893379,112.948480858609,"2019-02-28",0
29,"Skagit","Bank",49.2882117397027,46.1111668355655,18.977744843133,99.1002421477322,"2019-03-01",0
29,"Sauk","Bank",70.0351020499423,65.7501441003104,24.4111196311953,137.248000196582,"2019-03-01",0
29,"Skagit","Boat",132.796115224114,118.688301349719,54.7487729972383,263.084038032294,"2019-03-01",0
29,"Sauk","Boat",66.721230063301,60.7574979740946,27.3846802359437,138.569233832713,"2019-03-01",0
30,"Skagit","Bank",133.552967654847,132.853470951353,67.4031270777603,212.654018344297,"2019-03-02",1
30,"Sauk","Bank",192.91164748028,187.236788999821,122.452911083569,295.161164630465,"2019-03-02",1
30,"Skagit","Boat",368.771074722029,362.653011093526,250.871981956798,524.664134154973,"2019-03-02",1
30,"Sauk","Boat",158.029896029498,150.477789843883,103.888701665243,241.712989920686,"2019-03-02",1
31,"Skagit","Bank",116.420282873542,114.232337539315,57.7885923550849,198.922523583607,"2019-03-03",1
31,"Sauk","Bank",169.985891780619,166.773752162288,105.034081692048,261.81976646115,"2019-03-03",1
31,"Skagit","Boat",315.628547820165,304.7789264358,228.513489464302,463.913656688544,"2019-03-03",1
31,"Sauk","Boat",156.76978856803,147.548767284873,119.317654270275,236.842131689158,"2019-03-03",1
32,"Skagit","Bank",32.1989341054759,30.7356927652261,15.4616466565373,60.6364918139259,"2019-03-04",0
32,"Sauk","Bank",37.5101138569904,36.1573486858739,20.3479399484345,61.3370940307141,"2019-03-04",0
32,"Skagit","Boat",58.7741960421513,56.5182588450861,32.9148405490767,93.3592889024509,"2019-03-04",0
32,"Sauk","Boat",35.2923638970956,34.0548659030442,19.250336387521,60.5847055895454,"2019-03-04",0
33,"Skagit","Bank",73.7656132788593,69.268584624836,46.3235624619836,123.751018988665,"2019-03-05",0
33,"Sauk","Bank",78.3487033385395,75.104936090425,45.9875941396828,132.177856338951,"2019-03-05",0
33,"Skagit","Boat",127.057586296345,123.210590798691,89.8720103147474,185.183808262827,"2019-03-05",0
33,"Sauk","Boat",53.7804436427739,52.4044236177095,29.3380065611691,84.9609081948081,"2019-03-05",0
34,"Skagit","Bank",69.1296559761657,65.9478275866266,55.8850249548888,93.3552456374653,"2019-03-06",0
34,"Sauk","Bank",54.1063175833373,52.323659653442,28.974119665964,87.7482496110131,"2019-03-06",0
34,"Skagit","Boat",97.543188298985,92.7562350635251,66.954696330873,145.904721030192,"2019-03-06",0
34,"Sauk","Boat",35.4009640341969,33.7907123870373,18.154682896055,61.9390809678027,"2019-03-06",0
35,"Skagit","Bank",66.3317987865664,61.1929114271509,26.5111029882366,136.346893082845,"2019-03-07",0
35,"Sauk","Bank",63.6033656689049,59.0955383184623,26.2475102579485,136.83983870401,"2019-03-07",0
35,"Skagit","Boat",115.824177845431,102.931538136554,48.8345330017893,251.007724867541,"2019-03-07",0
35,"Sauk","Boat",50.040626617289,45.9802350998236,19.8952324376821,111.005364512456,"2019-03-07",0
36,"Skagit","Bank",62.3829345167796,55.5082689992102,27.5804185631754,126.165907809543,"2019-03-08",0
36,"Sauk","Bank",70.0736132002329,62.491040625855,28.3926788915774,158.971774943841,"2019-03-08",0
36,"Skagit","Boat",120.888314892747,114.643921137294,50.1617973500058,238.439378171703,"2019-03-08",0
36,"Sauk","Boat",61.2474649195669,56.4382192155956,24.7516445539888,127.800921666206,"2019-03-08",0
37,"Skagit","Bank",125.27672738997,118.750403383628,79.8102469069872,216.295423969233,"2019-03-09",1
37,"Sauk","Bank",161.598525221783,157.613820536608,97.576510156772,244.600985465511,"2019-03-09",1
37,"Skagit","Boat",277.057605621258,264.900471522878,208.469717609301,397.758311105654,"2019-03-09",1
37,"Sauk","Boat",148.591529011894,139.127320009992,117.098210063671,215.701414907844,"2019-03-09",1
38,"Skagit","Bank",128.410651928819,121.554834805057,73.5460215105746,211.110100895723,"2019-03-10",1
38,"Sauk","Bank",169.668461388181,168.180896053646,101.87293567561,254.313218273395,"2019-03-10",1
38,"Skagit","Boat",294.608711324172,289.35714122065,200.794397414956,415.542618046113,"2019-03-10",1
38,"Sauk","Boat",143.18234196922,138.24392045583,85.1011043446129,228.5314100506,"2019-03-10",1
39,"Skagit","Bank",67.8618789946282,64.4916955668181,52.8558223053041,101.669286040568,"2019-03-11",0
39,"Sauk","Bank",82.2361665847093,80.4016099216648,51.5811136176889,117.657227746657,"2019-03-11",0
39,"Skagit","Boat",148.535897289336,143.930455602141,111.751162209668,207.777997945645,"2019-03-11",0
39,"Sauk","Boat",69.9647757603582,67.6785566586492,44.4446622034578,108.448531726522,"2019-03-11",0
40,"Skagit","Bank",58.0554417053536,54.6111260086939,40.33178171002,99.9957015075129,"2019-03-12",0
40,"Sauk","Bank",55.1282850119619,53.7702024895103,32.7374852833421,89.2292595041078,"2019-03-12",0
40,"Skagit","Boat",120.584184500275,116.429158155609,97.9306122357925,165.886853060334,"2019-03-12",0
40,"Sauk","Boat",43.3719619363358,42.2035207579029,25.3504336066317,72.5619311798252,"2019-03-12",0
41,"Skagit","Bank",63.8798548320662,58.49751615245,24.3656050142557,131.481131174346,"2019-03-13",0
41,"Sauk","Bank",73.9358087847053,66.3485566299168,28.3176567576276,161.118969970403,"2019-03-13",0
41,"Skagit","Boat",154.574369711317,140.631610324736,62.5911232811108,318.9407135031,"2019-03-13",0
41,"Sauk","Boat",65.3019564915286,55.9725063509456,24.5070174809953,145.43460765793,"2019-03-13",0
42,"Skagit","Bank",70.4247941429685,65.7982821716635,23.2729677632785,143.984156325582,"2019-03-14",0
42,"Sauk","Bank",94.1765597003106,85.2401197842544,34.2454557457718,206.206737471767,"2019-03-14",0
42,"Skagit","Boat",190.701408706767,180.494246939785,75.0607681198581,384.29806165118,"2019-03-14",0
42,"Sauk","Boat",85.8362212670221,77.4508502684437,30.9148931312089,180.017540802191,"2019-03-14",0
43,"Skagit","Bank",72.807609878523,69.7984463832851,31.4990332024652,136.324886198518,"2019-03-15",0
43,"Sauk","Bank",113.707679910219,109.54081039274,65.2845958168971,195.988905176632,"2019-03-15",0
43,"Skagit","Boat",228.185888232033,219.558535907509,151.870254624369,348.30716767437,"2019-03-15",0
43,"Sauk","Boat",105.768357078765,100.418812917044,76.1178655692242,161.936649409032,"2019-03-15",0
44,"Skagit","Bank",141.337306501348,133.749910636059,67.6062910501552,235.280815142785,"2019-03-16",1
44,"Sauk","Bank",212.246068157768,209.45511421208,128.533191462292,324.40382951019,"2019-03-16",1
44,"Skagit","Boat",416.965881657079,411.243479518492,276.076742062108,596.426452530495,"2019-03-16",1
44,"Sauk","Boat",185.863600984877,179.268388506724,112.96322591989,282.589668318583,"2019-03-16",1
45,"Skagit","Bank",155.826586657998,150.572929523892,92.9098738344309,248.036210315696,"2019-03-17",1
45,"Sauk","Bank",224.200665962892,218.091755120855,145.181695670848,359.944239532984,"2019-03-17",1
45,"Skagit","Boat",391.10631118964,380.192701438071,296.826077555865,556.778026063067,"2019-03-17",1
45,"Sauk","Boat",174.025231204167,166.767578062815,107.674442956144,281.140550278561,"2019-03-17",1
46,"Skagit","Bank",67.2051220219543,63.1256678176876,38.9076854897625,114.246112681742,"2019-03-18",0
46,"Sauk","Bank",146.629398234831,141.981865361646,97.865798870372,234.595098340542,"2019-03-18",0
46,"Skagit","Boat",225.074978030318,218.030869825251,138.371496131529,353.770512345967,"2019-03-18",0
46,"Sauk","Boat",147.011375059497,141.303452503761,94.7874410953833,228.195904194733,"2019-03-18",0
47,"Skagit","Bank",62.0115412915813,54.9060818583739,19.803459798689,135.613587489083,"2019-03-19",0
47,"Sauk","Bank",141.692338440849,130.357786907468,56.3973502644786,293.7299986585,"2019-03-19",0
47,"Skagit","Boat",227.896682580857,197.656417350409,84.5442294032747,511.962384537289,"2019-03-19",0
47,"Sauk","Boat",165.522449228701,143.302152422388,54.0160653906448,392.55535133656,"2019-03-19",0
48,"Skagit","Bank",55.098320950178,48.0857857143091,18.0455989457332,158.421447038973,"2019-03-20",0
48,"Sauk","Bank",127.382944807,116.805799917044,49.5425136513079,282.065431516128,"2019-03-20",0
48,"Skagit","Boat",208.01114184041,197.924625670824,75.7826132778779,434.862478907508,"2019-03-20",0
48,"Sauk","Boat",165.17142280797,150.755113284945,71.4510764558155,381.528372246345,"2019-03-20",0
49,"Skagit","Bank",45.0486440027313,42.8324973121977,27.8202336511118,83.6700349253374,"2019-03-21",0
49,"Sauk","Bank",114.54674781637,111.301724452019,68.6401245337056,176.538076014372,"2019-03-21",0
49,"Skagit","Boat",199.215141743673,191.485424639593,128.56778418729,313.701548162451,"2019-03-21",0
49,"Sauk","Boat",172.246470887173,167.270685335593,101.771755259234,272.248795014213,"2019-03-21",0
50,"Skagit","Bank",44.6062928448204,41.7070537109212,24.5328085135101,81.8135692449404,"2019-03-22",0
50,"Sauk","Bank",146.897047000779,139.863283001025,77.4910723833626,240.277371614765,"2019-03-22",0
50,"Skagit","Boat",237.168849542962,230.527992994453,155.278497632527,351.352436205103,"2019-03-22",0
50,"Sauk","Boat",251.506472172476,243.519534257259,195.967755643946,345.339797474647,"2019-03-22",0
51,"Skagit","Bank",86.498473468421,79.4811748124919,43.7997965438986,165.012123413334,"2019-03-23",1
51,"Sauk","Bank",280.576243388017,270.251465579337,165.5551966157,435.922778772695,"2019-03-23",1
51,"Skagit","Boat",465.476397963258,460.189933230539,314.358935243433,680.088979300268,"2019-03-23",1
51,"Sauk","Boat",497.924804697499,484.873282788783,356.843189767306,728.717079400478,"2019-03-23",1
52,"Skagit","Bank",97.9803975132481,91.3548343368691,44.1085011338277,181.966410442174,"2019-03-24",1
52,"Sauk","Bank",262.088385215516,252.334072247807,149.677662853727,418.355337374633,"2019-03-24",1
52,"Skagit","Boat",465.798094663976,455.358483466199,312.660085352344,687.542264695413,"2019-03-24",1
52,"Sauk","Boat",410.999247443365,399.51993934365,265.128180614298,629.350657876624,"2019-03-24",1
53,"Skagit","Bank",50.5351687460682,43.7691231375848,17.1566872849509,120.311856709006,"2019-03-25",0
53,"Sauk","Bank",136.957239588109,120.740014394747,52.1531635173931,330.151555953168,"2019-03-25",0
53,"Skagit","Boat",238.052009238897,214.917192154438,91.5737774086578,498.458508165436,"2019-03-25",0
53,"Sauk","Boat",215.362788707856,193.763586259968,80.9562283905616,525.012958077165,"2019-03-25",0
54,"Skagit","Bank",51.7747229443967,47.3214740391514,17.9861866838132,111.13987085196,"2019-03-26",0
54,"Sauk","Bank",144.962733570208,132.733498523002,52.8897870071808,310.722470722894,"2019-03-26",0
54,"Skagit","Boat",249.847025414533,230.924856029604,93.1176982795603,508.689660876054,"2019-03-26",0
54,"Sauk","Boat",231.497153512631,206.509622382763,82.4381215274102,474.322291125011,"2019-03-26",0
55,"Skagit","Bank",53.2533827954507,49.0355948744586,23.5371131782294,103.227344418845,"2019-03-27",0
55,"Sauk","Bank",149.954613261272,142.581917224524,78.5330622959725,250.825164977153,"2019-03-27",0
55,"Skagit","Boat",267.621335006653,264.946823744487,173.590456108465,397.842786285552,"2019-03-27",0
55,"Sauk","Boat",250.167382197333,245.149914715086,170.247987056598,371.724288947312,"2019-03-27",0
56,"Skagit","Bank",51.9267012528744,49.3497489416479,27.0745604559544,92.1223719072666,"2019-03-28",0
56,"Sauk","Bank",115.233269499078,111.75258100093,68.7804454973429,178.406456757407,"2019-03-28",0
56,"Skagit","Boat",218.526696378302,214.1783410065,137.437017141385,327.261089030762,"2019-03-28",0
56,"Sauk","Boat",176.792207534495,169.789345712268,112.215339251243,263.390685555709,"2019-03-28",0
57,"Skagit","Bank",65.2679461541856,61.1201352656346,49.234595344028,107.950108911666,"2019-03-29",0
57,"Sauk","Bank",170.693332932009,167.074380750634,100.601115585138,274.706184603029,"2019-03-29",0
57,"Skagit","Boat",316.786172975162,314.226400201658,216.671702532831,436.808372353993,"2019-03-29",0
57,"Sauk","Boat",260.044447493002,250.805802044034,204.589826822481,363.452128693103,"2019-03-29",0
58,"Skagit","Bank",102.029811032094,97.9324791797832,52.0971976317613,169.862864543888,"2019-03-30",1
58,"Sauk","Bank",248.643577880075,242.597173159707,153.148256017753,383.95241183294,"2019-03-30",1
58,"Skagit","Boat",482.917792145366,473.409669998534,355.003907526761,675.778835533978,"2019-03-30",1
58,"Sauk","Boat",400.880621790215,389.323375011948,293.466710531381,585.055943695119,"2019-03-30",1
59,"Skagit","Bank",91.6950697697184,86.2989807695455,57.7374995695964,158.629772569758,"2019-03-31",1
59,"Sauk","Bank",227.485240039605,221.025880383725,142.672517837672,342.667418699552,"2019-03-31",1
59,"Skagit","Boat",410.366234042147,390.698953814467,334.123640269567,579.91725417679,"2019-03-31",1
59,"Sauk","Boat",368.850088734976,351.507445037409,220.940453328872,574.076959667084,"2019-03-31",1
60,"Skagit","Bank",29.54352283457,27.3175959673276,16.9479275550218,53.4768693401426,"2019-04-01",0
60,"Sauk","Bank",92.1105943748418,88.5920606066372,50.7986461686315,155.748978453701,"2019-04-01",0
60,"Skagit","Boat",128.876226297668,125.66854180245,84.0793329581387,188.801815213603,"2019-04-01",0
60,"Sauk","Boat",211.46457144862,201.737805804206,167.004623616312,295.467099214115,"2019-04-01",0
61,"Skagit","Bank",27.2920598822847,25.5319988850862,16.1130883116116,46.3445240513041,"2019-04-02",0
61,"Sauk","Bank",74.8704316425548,71.3584418393621,45.6019124686061,124.086294073145,"2019-04-02",0
61,"Skagit","Boat",98.2509824631919,94.9111232074439,58.6968874350479,151.885186761672,"2019-04-02",0
61,"Sauk","Boat",163.858904610347,161.380082359724,101.679383505331,243.78464675368,"2019-04-02",0
62,"Skagit","Bank",30.4724890597522,27.4823665747393,21.8127988880642,53.2215715515732,"2019-04-03",0
62,"Sauk","Bank",63.9417811196402,61.2442066173727,40.6166108239067,107.286003753217,"2019-04-03",0
62,"Skagit","Boat",91.9438204766957,87.7748428756272,69.0471218585911,139.07016570253,"2019-04-03",0
62,"Sauk","Boat",118.54444078212,113.019897561761,84.3963755525772,188.011520619018,"2019-04-03",0
63,"Skagit","Bank",33.3107404548249,29.9185827307051,11.8477526146101,74.2999583844802,"2019-04-04",0
63,"Sauk","Bank",72.6935096700612,67.8920658772732,29.6569565999768,161.445990332562,"2019-04-04",0
63,"Skagit","Boat",106.26795095439,94.5586614668997,41.8372346403691,222.198863909012,"2019-04-04",0
63,"Sauk","Boat",142.921556716882,129.299137180106,53.8898269073238,289.93965067244,"2019-04-04",0
64,"Skagit","Bank",31.8321216555111,27.9778895042158,13.0403648032864,72.9666341999356,"2019-04-05",0
64,"Sauk","Bank",78.3908416885933,68.7596004923138,35.2286565180395,162.085006117537,"2019-04-05",0
64,"Skagit","Boat",115.792689672429,108.185475658359,45.3800421518873,213.801085999261,"2019-04-05",0
64,"Sauk","Boat",166.247112542763,151.810792168975,65.2602734554122,331.625228559894,"2019-04-05",0
65,"Skagit","Bank",59.1045244794796,56.3755476687909,28.4642386103544,103.516006534733,"2019-04-06",1
65,"Sauk","Bank",161.453075928747,155.768448600536,100.345805930796,252.038466490446,"2019-04-06",1
65,"Skagit","Boat",245.008613518778,238.140420965872,199.312101149292,323.42968359597,"2019-04-06",1
65,"Sauk","Boat",373.750167692118,358.761585206869,283.247990095702,549.911166903254,"2019-04-06",1
66,"Skagit","Bank",66.7402673817065,62.6478555899414,27.1841033103203,132.771098343815,"2019-04-07",1
66,"Sauk","Bank",204.09455908584,200.674294979773,104.162812243486,318.180768408832,"2019-04-07",1
66,"Skagit","Boat",312.857801260721,309.225652429439,226.859333762827,452.621745486934,"2019-04-07",1
66,"Sauk","Boat",464.540445390609,452.271098417856,304.758213014951,669.084927395585,"2019-04-07",1
67,"Skagit","Bank",29.0143097364257,25.2417864288054,15.9827660596631,58.23895241976,"2019-04-08",0
67,"Sauk","Bank",76.4109193774655,73.4425409274241,42.5543181623734,120.97578124338,"2019-04-08",0
67,"Skagit","Boat",129.915432320124,124.969292166982,84.4010422338867,189.866724893388,"2019-04-08",0
67,"Sauk","Boat",179.525958677755,171.471647439542,145.231647690103,268.094776833525,"2019-04-08",0
68,"Skagit","Bank",38.234518139684,35.0000173042887,14.8582266022071,85.202594120346,"2019-04-09",0
68,"Sauk","Bank",88.7322772987073,82.7045813345055,33.9998772689141,182.639567499819,"2019-04-09",0
68,"Skagit","Boat",151.662801818366,139.299749994052,62.2183969404021,311.470042511348,"2019-04-09",0
68,"Sauk","Boat",179.49969211567,163.237592807166,66.5226239825192,411.131838875457,"2019-04-09",0
69,"Skagit","Bank",47.1088778510506,41.098991026706,17.8096542742434,108.689409028559,"2019-04-10",0
69,"Sauk","Bank",100.881347268072,92.574086118511,39.0799982444808,206.512699174386,"2019-04-10",0
69,"Skagit","Boat",168.019443251185,154.203447815122,65.2819197319122,370.335751173864,"2019-04-10",0
69,"Sauk","Boat",180.2162644112,163.739978369818,64.5006376658811,386.24470132416,"2019-04-10",0
70,"Skagit","Bank",55.0045224648967,51.3771056491935,37.1828176716625,93.2768598191507,"2019-04-11",0
70,"Sauk","Bank",113.681945115477,108.957426948738,72.8042982184307,175.643064716563,"2019-04-11",0
70,"Skagit","Boat",183.500672608175,179.505808553519,125.251068183506,268.934543911283,"2019-04-11",0
70,"Sauk","Boat",178.526106635588,173.369026600838,110.873469700992,280.29402941829,"2019-04-11",0
71,"Skagit","Bank",68.5575393465508,66.4065189533827,32.4569431570849,123.207730116038,"2019-04-12",0
71,"Sauk","Bank",165.41221514312,161.338108640356,92.5440361814971,261.012707884099,"2019-04-12",0
71,"Skagit","Boat",299.128490558894,289.669176450359,207.885996646584,427.380749844865,"2019-04-12",0
71,"Sauk","Boat",283.70920687986,277.20968575552,195.442725321256,411.933863038623,"2019-04-12",0
72,"Skagit","Bank",95.6397745427548,90.870256070152,75.5581571014821,139.610344598266,"2019-04-13",1
72,"Sauk","Bank",210.974210859445,208.249618967792,131.451343026828,310.890542364929,"2019-04-13",1
72,"Skagit","Boat",328.915324313707,323.839051891477,225.492568774601,457.931225796437,"2019-04-13",1
72,"Sauk","Boat",355.255005395387,349.321062759921,233.210143975406,511.504405497452,"2019-04-13",1
73,"Skagit","Bank",77.3918214798725,71.3599596901174,49.898059915318,143.347841621686,"2019-04-14",1
73,"Sauk","Bank",229.679307536857,221.673069059892,141.486239911289,349.967422085556,"2019-04-14",1
73,"Skagit","Boat",296.149659414189,290.692969420863,185.844314681833,449.999152071821,"2019-04-14",1
73,"Sauk","Boat",420.497941611449,408.682710729052,270.716209644886,632.583378610901,"2019-04-14",1
74,"Skagit","Bank",36.5914713978195,33.5139271980514,9.79249808625971,91.6974918522428,"2019-04-15",0
74,"Sauk","Bank",112.091134288147,100.672337136139,41.2461289847291,235.975418774309,"2019-04-15",0
74,"Skagit","Boat",141.517775606399,126.777087731966,51.1852518654443,327.015047541414,"2019-04-15",0
74,"Sauk","Boat",213.495866809261,197.959959255369,81.5762915452686,438.631513604453,"2019-04-15",0
75,"Skagit","Bank",32.9279777906051,28.6479442231709,11.3290752496353,74.0678685254624,"2019-04-16",0
75,"Sauk","Bank",112.343843167332,100.016177285654,42.3293944480767,259.710736309809,"2019-04-16",0
75,"Skagit","Boat",136.543885566609,129.662268232754,52.1140684937666,279.821164907246,"2019-04-16",0
75,"Sauk","Boat",234.473860949688,214.632095135828,83.3876482015926,457.197796873238,"2019-04-16",0
76,"Skagit","Bank",28.703828888479,26.5150471548845,12.8384246685167,62.0511335961995,"2019-04-17",0
76,"Sauk","Bank",112.714172181669,108.803645890466,61.3679099479795,199.341676690543,"2019-04-17",0
76,"Skagit","Boat",121.681470694362,119.759823437295,77.0712078139002,179.434463537005,"2019-04-17",0
76,"Sauk","Boat",251.529682816469,244.646156955457,169.122377972349,379.598940301224,"2019-04-17",0
77,"Skagit","Bank",23.9873567235704,22.0661448338576,9.81460006060292,50.1024966506986,"2019-04-18",0
77,"Sauk","Bank",81.808161428741,78.1491435250178,37.5784512673865,143.217738481721,"2019-04-18",0
77,"Skagit","Boat",100.502173234411,97.3073292494185,66.1987371940049,160.760666843038,"2019-04-18",0
77,"Sauk","Boat",191.041324970768,184.483320897321,156.60708856598,252.531205318808,"2019-04-18",0
78,"Skagit","Bank",12.4956262894886,11.4105614794635,4.65065475622257,25.6805978214884,"2019-04-19",0
78,"Sauk","Bank",24.6334747983424,22.7613943971055,10.2689654243488,50.3127208198599,"2019-04-19",0
78,"Skagit","Boat",31.710457646227,30.3197864583747,12.6443787401798,58.35972022356,"2019-04-19",0
78,"Sauk","Boat",50.7376999952976,48.099651185489,22.3158289251614,89.0216894591207,"2019-04-19",0
79,"Skagit","Bank",24.2581062957145,22.4476854910048,13.6505728243047,45.4293753231352,"2019-04-20",1
79,"Sauk","Bank",39.8243433785543,38.1849172522866,20.9099945783124,67.7466499202744,"2019-04-20",1
79,"Skagit","Boat",51.2457687606501,49.2674633366674,29.4124319438418,83.4501329782472,"2019-04-20",1
79,"Sauk","Boat",73.865078208769,70.1403303525397,42.8711436756409,131.348441959992,"2019-04-20",1
80,"Skagit","Bank",49.9471767411901,47.5882314829891,25.862548308838,89.5808455410715,"2019-04-21",1
80,"Sauk","Bank",102.081042074107,98.7530676747698,55.0188141867697,173.262961795607,"2019-04-21",1
80,"Skagit","Boat",132.163292636702,127.033719079397,108.942551855055,174.601369193279,"2019-04-21",1
80,"Sauk","Boat",161.509909744734,156.469641607221,101.375255596328,247.926753489344,"2019-04-21",1
81,"Skagit","Bank",41.5925539409855,39.8223425498623,21.6288818033743,72.4238813121151,"2019-04-22",0
81,"Sauk","Bank",109.617365059906,104.123441077003,67.0850643090869,175.977055778331,"2019-04-22",0
81,"Skagit","Boat",114.286571661496,112.167898122576,70.5058228135144,168.335025831076,"2019-04-22",0
81,"Sauk","Boat",156.929284673846,155.07730341079,100.163157917899,231.856437804598,"2019-04-22",0
82,"Skagit","Bank",33.2223256260499,31.3261288752499,18.6578120971371,58.9631479830343,"2019-04-23",0
82,"Sauk","Bank",83.5188917292627,80.8803747895583,70.642799869751,109.375733446966,"2019-04-23",0
82,"Skagit","Boat",77.4153975956735,73.7044572180221,40.5609052115857,129.435982589535,"2019-04-23",0
82,"Sauk","Boat",108.50194061593,103.995068830236,65.131692711371,182.082932796796,"2019-04-23",0
83,"Skagit","Bank",43.3951872827054,38.3084021040022,16.6734563019071,98.3941450123461,"2019-04-24",0
83,"Sauk","Bank",119.86872411732,107.437154029928,47.9970238890724,255.689884447446,"2019-04-24",0
83,"Skagit","Boat",127.815762889167,116.944078777816,43.6568918573893,285.942787085011,"2019-04-24",0
83,"Sauk","Boat",172.248194590124,151.261500846815,62.1815871443578,408.942728514469,"2019-04-24",0
84,"Skagit","Bank",51.0349176516138,43.4790201000975,18.3067206378705,109.031114788043,"2019-04-25",0
84,"Sauk","Bank",147.651826612719,134.136408508347,51.1339149514376,304.180991545866,"2019-04-25",0
84,"Skagit","Boat",179.231066371479,161.13047107074,71.6829640979058,405.994226926444,"2019-04-25",0
84,"Sauk","Boat",235.112341756603,207.971242595486,81.2003698924738,507.280001379538,"2019-04-25",0
85,"Skagit","Bank",57.6321725578695,54.9057072181429,23.3762788479826,107.75418769801,"2019-04-26",0
85,"Sauk","Bank",178.285074815639,175.477896922297,91.5476379873803,275.401766363328,"2019-04-26",0
85,"Skagit","Boat",240.436008200528,231.134290851138,150.991965262765,360.149063059116,"2019-04-26",0
85,"Sauk","Boat",319.376672306747,304.198003697794,196.956245663724,536.111046918788,"2019-04-26",0
86,"Skagit","Bank",89.3205544189257,83.6671545088614,44.2174689030452,154.022579891559,"2019-04-27",1
86,"Sauk","Bank",238.525135838324,229.619190888495,141.43388420771,363.030509524109,"2019-04-27",1
86,"Skagit","Boat",309.973139224033,304.277817151281,204.974777214479,457.156145001211,"2019-04-27",1
86,"Sauk","Boat",475.318875486598,460.839333565127,315.755218673975,700.782635089023,"2019-04-27",1
87,"Skagit","Bank",93.6061412898197,87.7887272208731,48.0866200888998,160.428949413276,"2019-04-28",1
87,"Sauk","Bank",216.713503647017,213.328493410929,125.680054293747,330.806299428709,"2019-04-28",1
87,"Skagit","Boat",298.978444026482,285.801125542144,240.114491954251,420.182242757813,"2019-04-28",1
87,"Sauk","Boat",416.701467981224,406.302463786832,268.827716838524,607.847002117288,"2019-04-28",1
88,"Skagit","Bank",78.2708399792283,76.231685827243,67.1618960790019,103.077493928308,"2019-04-29",0
88,"Sauk","Bank",155.723326441604,151.863341629176,86.3721331181786,253.081834350381,"2019-04-29",0
88,"Skagit","Boat",178.857650099047,177.149938275015,111.915605268404,271.401614687302,"2019-04-29",0
88,"Sauk","Boat",241.628987660887,227.366584093292,174.103260154196,370.572236651829,"2019-04-29",0
89,"Skagit","Bank",65.1096177495647,61.3228222229018,28.4929712233111,117.058217717464,"2019-04-30",0
89,"Sauk","Bank",181.037325432432,174.516354577593,101.823011297856,296.777631394999,"2019-04-30",0
89,"Skagit","Boat",204.613920357352,198.363477659357,124.616315232503,310.615048257793,"2019-04-30",0
89,"Sauk","Boat",350.566558607729,335.839048175657,229.855262121563,542.724057874626,"2019-04-30",0
